links,links-href,name,address,storehours
Walmart - Bakery,https://www.yellowpages.com/san-jose-ca/mip/walmart-bakery-544576072,Walmart - Bakery,"1450 Monterey Hwy San Jose, CA 95110",7:00 am - 8:00 pm
Walmart Neighborhood Market,https://www.yellowpages.com/san-jose-ca/mip/walmart-neighborhood-market-504920121,Walmart Neighborhood Market,"1450 Monterey Hwy San Jose, CA 95110",6:00 am - 11:00 pm
Walmart - Pharmacy,https://www.yellowpages.com/san-jose-ca/mip/walmart-pharmacy-504923507,Walmart - Pharmacy,"1450 Monterey Hwy San Jose, CA 95110",9:00 am - 9:00 pm
Walmart Neighborhood Market,https://www.yellowpages.com/san-jose-ca/mip/walmart-neighborhood-market-473947959,Walmart Neighborhood Market,"1600 Saratoga Ave Ste 501 San Jose, CA 95129",6:00 am - 11:00 pm
Walmart Supercenter,https://www.yellowpages.com/san-jose-ca/mip/walmart-supercenter-480066290,Walmart Supercenter,"1600 Saratoga Ave Ste 501 San Jose, CA 95129",7:00 am - 12:00 am
Walmart - Pharmacy,https://www.yellowpages.com/san-jose-ca/mip/walmart-pharmacy-480069752,Walmart - Pharmacy,"1600 Saratoga Ave San Jose, CA 95129",6:00 am - 11:00 pm
Walmart - Bakery,https://www.yellowpages.com/san-jose-ca/mip/walmart-bakery-544682590,Walmart - Bakery,"1600 Saratoga Ave San Jose, CA 95129",7:00 am - 7:00 pm
Walmart Supercenter,https://www.yellowpages.com/milpitas-ca/mip/walmart-supercenter-11634899,Walmart Supercenter,"301 Ranch Dr Milpitas, CA 95035",Open 24 Hours
Walmart - Bakery,https://www.yellowpages.com/santa-clara-ca/mip/walmart-bakery-544586062,Walmart - Bakery,"3255 Mission College Blvd Santa Clara, CA 95054",7:00 am - 8:00 pm
Walmart - Pharmacy,https://www.yellowpages.com/santa-clara-ca/mip/walmart-pharmacy-495864812,Walmart - Pharmacy,"3255 Mission College Blvd Santa Clara, CA 95054",9:00 am - 9:00 pm
Walmart Neighborhood Market,https://www.yellowpages.com/santa-clara-ca/mip/walmart-neighborhood-market-495844151,Walmart Neighborhood Market,"3255 Mission College Blvd Santa Clara, CA 95054",6:00 am - 11:00 pm
Walmart Neighborhood Market,https://www.yellowpages.com/san-jose-ca/mip/walmart-neighborhood-market-560370886,Walmart Neighborhood Market,"355 Cypress Ave San Jose, CA 95117",null
Walmart Grocery Pickup,https://www.yellowpages.com/san-jose-ca/mip/walmart-grocery-pickup-523557339,Walmart Grocery Pickup,"4055 Evergreen Village Sq San Jose, CA 95135",11:00 am - 7:00 pm
Walmart Neighborhood Market,https://www.yellowpages.com/san-jose-ca/mip/walmart-neighborhood-market-474954885,Walmart Neighborhood Market,"4055 Evergreen Village Sq San Jose, CA 95135",6:00 am - 11:00 pm
Walmart - Bakery,https://www.yellowpages.com/san-jose-ca/mip/walmart-bakery-541015862,Walmart - Bakery,"4055 Evergreen Village Sq San Jose, CA 95135",7:00 am - 8:00 pm
Walmart - Pharmacy,https://www.yellowpages.com/san-jose-ca/mip/walmart-pharmacy-507399173,Walmart - Pharmacy,"4055 Evergreen Village Sq San Jose, CA 95135",9:00 am - 9:00 pm
Walmart - Bakery,https://www.yellowpages.com/san-jose-ca/mip/walmart-bakery-544586024,Walmart - Bakery,"4080 Stevens Creek Blvd San Jose, CA 95129",7:00 am - 8:00 pm
Walmart Neighborhood Market,https://www.yellowpages.com/san-jose-ca/mip/walmart-neighborhood-market-497577994,Walmart Neighborhood Market,"4080 Stevens Creek Blvd San Jose, CA 95129",6:00 am - 11:00 pm
Walmart - Pharmacy,https://www.yellowpages.com/san-jose-ca/mip/walmart-pharmacy-497789580,Walmart - Pharmacy,"4080 Stevens Creek Blvd San Jose, CA 95129",6:00 am - 11:00 pm
Walmart Grocery Pkup-Delivery,https://www.yellowpages.com/san-jose-ca/mip/walmart-grocery-pkup-delivery-540640236,Walmart Grocery Pkup-Delivery,"5095 Almaden Expy San Jose, CA 95118",8:00 am - 8:00 pm
Walmart - Pharmacy,https://www.yellowpages.com/san-jose-ca/mip/walmart-pharmacy-474972221,Walmart - Pharmacy,"5095 Almaden Expy San Jose, CA 95118",9:00 am - 9:00 pm
Walmart - Photo Center,https://www.yellowpages.com/san-jose-ca/mip/walmart-photo-center-544583035,Walmart - Photo Center,"5095 Almaden Expy San Jose, CA 95118",9:00 am - 8:00 pm
Walmart - Bakery,https://www.yellowpages.com/san-jose-ca/mip/walmart-bakery-540893035,Walmart - Bakery,"5095 Almaden Expy San Jose, CA 95118",7:00 am - 8:00 pm
Walmart Supercenter,https://www.yellowpages.com/san-jose-ca/mip/walmart-supercenter-469753357,Walmart Supercenter,"5095 Almaden Expy San Jose, CA 95118",6:00 am - 12:00 am
Walmart,https://www.yellowpages.com/san-jose-ca/mip/walmart-114380,Walmart,"5502 Monterey Hwy San Jose, CA 95138",7:00 am - 12:00 am
Walmart - Pharmacy,https://www.yellowpages.com/san-jose-ca/mip/walmart-pharmacy-473624146,Walmart - Pharmacy,"777 Story Rd San Jose, CA 95122",6:00 am - 12:00 am
Walmart - Vision Center,https://www.yellowpages.com/san-jose-ca/mip/walmart-vision-center-472105874,Walmart - Vision Center,"777 Story Rd San Jose, CA 95122",6:00 am - 12:00 am
Walmart - Bakery,https://www.yellowpages.com/san-jose-ca/mip/walmart-bakery-541010208,Walmart - Bakery,"777 Story Rd San Jose, CA 95122",7:00 am - 8:00 pm
Walmart - Photo Center,https://www.yellowpages.com/san-jose-ca/mip/walmart-photo-center-481390766,Walmart - Photo Center,"777 Story Rd San Jose, CA 95122",9:00 am - 8:00 pm
Walmart Supercenter,https://www.yellowpages.com/san-jose-ca/mip/walmart-supercenter-480722838,Walmart Supercenter,"777 Story Rd San Jose, CA 95122",6:00 am - 12:00 am
